,LogisticRegression,RandomForestClassifier,AdaBoostClassifier,KNeighborsClassifier
only_country_train,0.7092465753424657,0.7090753424657534,0.7092465753424657,0.6285958904109589
only_country_test,0.7094455852156057,0.704312114989733,0.7094455852156057,0.6057494866529775
country_is_urban_train,0.7998858447488585,0.7998858447488585,0.7998858447488585,0.7827625570776255
country_is_urban_test,0.7833675564681725,0.7833675564681725,0.7833675564681725,0.7648870636550308
country_is_urban_lat_long_train,0.7903538812785388,0.9998287671232877,0.8176369863013698,0.8809360730593607
country_is_urban_lat_long_test,0.7813141683778234,0.8203285420944558,0.8080082135523614,0.813141683778234
