image_type,train_loss,train_acc,test_loss,test_acc,val_loss,val_acc
RGB,0.4931321144104004,0.7409246563911438,0.502304196357727,0.744353175163269,0.49836376309394836,0.7410072088241577
NIR,0.5276304483413696,0.72043377161026,0.5622356534004211,0.6899384260177612,0.5353202223777771,0.7070914506912231
SWIR1,0.5210016965866089,0.7261415719985962,0.5390581488609314,0.7125256657600403,0.5359910726547241,0.7060637474060059
SWIR2,0.5106621980667114,0.734874427318573,0.545634388923645,0.7063655257225037,0.5273203253746033,0.7194244861602783
TEMP1,0.5631972551345825,0.7015981674194336,0.5696960687637329,0.6960985660552979,0.5623752474784851,0.6988694667816162
NIGHTLIGHTS,0.489109605550766,0.7553653120994568,0.50288987159729,0.7464065551757812,0.46050044894218445,0.7646453976631165
